"Time","PosX","PosY","PosZ","AbsolutePoz"
4.018388300E-2,1.913890839E-1,-6.050003767E-1,-2.985820770E-1,7.012891657E-1
5.676416400E-2,1.540956497E-1,-5.526302457E-1,-2.437524796E-1,6.233465561E-1
7.334161800E-2,1.377792358E-1,-4.906680882E-1,-2.262635231E-1,5.576140892E-1
8.995167600E-2,1.845531464E-1,-6.871492863E-1,-3.167362213E-1,7.788169485E-1
1.065455590E-1,1.828050613E-1,-6.156199574E-1,-3.097467422E-1,7.129857409E-1
1.231387590E-1,1.675548553E-1,-5.728511214E-1,-2.690572739E-1,6.546944734E-1
1.397232530E-1,1.883182526E-1,-7.216159701E-1,-2.978372574E-1,8.030569124E-1
1.563236250E-1,1.452274323E-1,-6.551032066E-1,-2.556924820E-1,7.180737175E-1
1.729239070E-1,2.082691193E-1,-6.745761037E-1,-3.475666046E-1,7.869126320E-1
1.895132220E-1,2.201175690E-1,-7.467190027E-1,-3.339524269E-1,8.470922244E-1
2.060919470E-1,1.747140884E-1,-5.748194456E-1,-2.804160118E-1,6.630049377E-1
2.227022090E-1,1.628093719E-1,-6.468539238E-1,-2.728290558E-1,7.206681511E-1
2.392853390E-1,2.045660019E-1,-7.140964270E-1,-3.386473656E-1,8.163718481E-1
2.558877970E-1,2.404899597E-1,-6.569320560E-1,-3.932242393E-1,8.025088468E-1
2.724723920E-1,1.704902649E-1,-6.236460209E-1,-2.764120102E-1,7.031393099E-1
2.890748600E-1,1.275215149E-1,-5.806854367E-1,-2.152872086E-1,6.323020602E-1
3.056710010E-1,1.352539062E-1,-6.574662924E-1,-2.432570457E-1,7.139534544E-1
3.222624420E-1,1.486635208E-1,-6.434357166E-1,-2.441468239E-1,7.040724646E-1
3.388567010E-1,1.629896164E-1,-5.960714817E-1,-2.554440498E-1,6.686691925E-1
3.554501460E-1,1.343889236E-1,-5.105490088E-1,-2.234988213E-1,5.732995695E-1
3.720449150E-1,1.659307480E-1,-5.400186777E-1,-2.660670280E-1,6.244556420E-1
3.886370470E-1,1.762027740E-1,-4.260275960E-1,-2.817902565E-1,5.403264558E-1
4.052319060E-1,1.773910522E-1,-5.079586506E-1,-2.817769051E-1,6.073613425E-1
4.218244670E-1,1.790742874E-1,-5.995080471E-1,-3.271660805E-1,7.060560482E-1
4.384193770E-1,1.894931793E-1,-5.419559479E-1,-3.424477577E-1,6.685015940E-1
4.550115500E-1,1.800422668E-1,-3.127372563E-1,-3.174071312E-1,4.805903622E-1
4.716068270E-1,1.942768097E-1,-3.753524423E-1,-3.102383614E-1,5.242907357E-1
4.881992040E-1,2.280673981E-1,-4.282515645E-1,-3.876667023E-1,6.210471903E-1
5.047940520E-1,2.106695175E-1,-5.959399939E-1,-3.893179893E-1,7.423574737E-1
5.213863280E-1,2.374782562E-1,-3.855366409E-1,-4.127721786E-1,6.127114289E-1
5.379813610E-1,1.959600449E-1,-5.721418858E-1,-3.572874069E-1,7.024250620E-1
5.545737480E-1,2.635107040E-1,-7.155551314E-1,-4.584865570E-1,8.897566860E-1
5.711685760E-1,2.182474136E-1,-7.057206631E-1,-4.011816978E-1,8.406071273E-1
5.877582480E-1,2.681951523E-1,-7.626669407E-1,-4.694981575E-1,9.348893100E-1
6.043582430E-1,1.869621277E-1,-6.904297471E-1,-3.136024475E-1,7.810214901E-1
6.209484540E-1,1.484575272E-1,-3.548489213E-1,-2.544655800E-1,4.612050799E-1
6.375326420E-1,1.236238480E-1,-2.391505539E-1,-2.095704079E-1,3.411679925E-1
6.541353950E-1,2.002563477E-1,-5.443279743E-1,-3.631138802E-1,6.842859332E-1
6.707302250E-1,2.436437607E-1,-6.533223391E-1,-4.231119156E-1,8.156077819E-1
6.873228150E-1,1.664142609E-1,-5.995758176E-1,-2.813396454E-1,6.828886171E-1
7.039179280E-1,1.630325317E-1,-6.656138301E-1,-2.982182503E-1,7.473657083E-1
7.205097160E-1,1.429796219E-1,-6.029089093E-1,-2.560706139E-1,6.704584137E-1
7.371050230E-1,1.608190536E-1,-7.835645676E-1,-2.864742279E-1,8.496491528E-1
7.536975620E-1,1.581735611E-1,-9.547343850E-1,-2.800793648E-1,1.007462690E0
7.702922380E-1,1.569423676E-1,-9.201897383E-1,-2.373614311E-1,9.631824906E-1
7.868843510E-1,1.926994324E-1,-8.856431842E-1,-3.342571259E-1,9.660355827E-1
8.034793020E-1,1.358308792E-1,-8.416193724E-1,-2.255063057E-1,8.818312138E-1
8.200721370E-1,1.239967346E-1,-7.402831912E-1,-2.256760597E-1,7.837882860E-1
8.366668630E-1,1.208820343E-1,-7.394551039E-1,-1.998825073E-1,7.754736189E-1
8.532558740E-1,1.263103485E-1,-6.095468998E-1,-2.303714752E-1,6.637565395E-1
8.698539890E-1,1.824731827E-1,-9.486994147E-1,-3.296456337E-1,1.020780724E0
8.864464060E-1,1.074905396E-1,-5.799182653E-1,-2.013244629E-1,6.232101972E-1
9.030412460E-1,1.927137375E-1,-9.002072811E-1,-3.308553696E-1,9.782520172E-1
9.196341620E-1,1.499481201E-1,-6.800963879E-1,-2.591772079E-1,7.430937765E-1
9.362285320E-1,1.692075729E-1,-8.285057545E-1,-2.874794006E-1,8.931390674E-1
9.528210730E-1,1.629390717E-1,-7.615414262E-1,-2.961597443E-1,8.331897017E-1
9.694151690E-1,1.580553055E-1,-8.953924775E-1,-2.800583839E-1,9.513894401E-1
9.860088580E-1,1.340808868E-1,-6.799799204E-1,-2.365150452E-1,7.323180613E-1
1.002603260E0,1.579036713E-1,-7.565433383E-1,-2.899818420E-1,8.254579704E-1
1.019191954E0,1.860609055E-1,-8.666077852E-1,-3.431005478E-1,9.504450010E-1
1.035790475E0,1.823644638E-1,-7.182721496E-1,-3.301644325E-1,8.112830770E-1
1.052382700E0,2.248363495E-1,-9.192110300E-1,-3.927869797E-1,1.024588656E0
1.068976714E0,1.361122131E-1,-6.131101847E-1,-2.446889877E-1,6.740202770E-1
1.085568441E0,1.740550995E-1,-8.524178267E-1,-2.828016281E-1,9.148158775E-1
1.102167929E0,1.455898285E-1,-8.380408883E-1,-2.545075417E-1,8.878530382E-1
1.118757182E0,1.750793457E-1,-7.233266830E-1,-2.898836136E-1,7.986781436E-1
1.135352225E0,2.039270401E-1,-9.052160978E-1,-3.441514969E-1,9.896679616E-1
1.151944745E0,1.806468964E-1,-7.468591332E-1,-3.256673813E-1,8.345604288E-1
1.168539624E0,1.995668411E-1,-7.474959493E-1,-3.348608017E-1,8.430355122E-1
1.185131685E0,1.950435638E-1,-8.287552595E-1,-3.305268288E-1,9.133045804E-1
1.201726606E0,1.851348877E-1,-8.957571387E-1,-3.150086403E-1,9.674121261E-1
1.218319390E0,1.482009888E-1,-7.042179108E-1,-2.393102646E-1,7.583902700E-1
1.234914188E0,1.991605759E-1,-8.714558482E-1,-3.336482048E-1,9.541600259E-1
1.251503646E0,1.648845673E-1,-8.090841174E-1,-2.882943153E-1,8.745957019E-1
1.268101506E0,1.541280746E-1,-7.514990568E-1,-2.582139969E-1,8.094323715E-1
1.284696344E0,1.712884903E-1,-7.608414888E-1,-2.836346626E-1,8.298603135E-1
1.301286149E0,1.551456451E-1,-7.415558696E-1,-2.912321091E-1,8.116596702E-1
1.317883499E0,1.960592270E-1,-7.844523191E-1,-3.412804604E-1,8.776542680E-1
1.334473018E0,1.997833252E-1,-9.229573011E-1,-3.580775261E-1,1.009942113E0
1.351071459E0,1.653203964E-1,-7.742613554E-1,-3.130254745E-1,8.513497681E-1
1.367660224E0,1.543865204E-1,-7.834400535E-1,-2.766885757E-1,8.450858436E-1
1.384258348E0,1.628103256E-1,-7.303105593E-1,-2.696323395E-1,7.953378613E-1
1.400857776E0,1.651849747E-1,-6.580229402E-1,-2.857880592E-1,7.361759847E-1
1.417440671E0,1.825332642E-1,-7.196951509E-1,-3.019809723E-1,8.015435174E-1
1.434037779E0,1.764364243E-1,-6.755542755E-1,-3.339319229E-1,7.739598957E-1
1.450630085E0,1.848049164E-1,-8.327875137E-1,-3.371939659E-1,9.172718631E-1
1.467224863E0,1.891689301E-1,-8.272626400E-1,-3.461585045E-1,9.165009928E-1
1.483811014E0,1.748504639E-1,-8.224216700E-1,-3.165898323E-1,8.984315276E-1
1.500409628E0,1.491909027E-1,-7.213140130E-1,-2.850327492E-1,7.898072543E-1
1.517007202E0,1.525344849E-1,-6.680122614E-1,-2.577462196E-1,7.320794111E-1
1.533597931E0,1.557435989E-1,-6.865366697E-1,-2.705326080E-1,7.541727650E-1
1.550193870E0,1.840705872E-1,-6.947904825E-1,-3.088603020E-1,7.823109879E-1
1.566790000E0,1.636962891E-1,-7.616493106E-1,-2.823514938E-1,8.286305048E-1
1.583376059E0,1.389961243E-1,-6.844357252E-1,-2.418336868E-1,7.390911423E-1
1.599975263E0,1.652097702E-1,-8.034453392E-1,-3.067097664E-1,8.757223088E-1
1.616565321E0,1.686687469E-1,-8.364009857E-1,-2.939457893E-1,9.024521495E-1
1.633162152E0,1.657791138E-1,-8.310097456E-1,-2.949242592E-1,8.972403415E-1
1.649753687E0,1.451158524E-1,-7.443823814E-1,-2.578878403E-1,8.010429942E-1
1.666346125E0,1.761846542E-1,-8.102192879E-1,-3.074889183E-1,8.843335127E-1
1.682933253E0,1.842336655E-1,-8.198186159E-1,-3.049736023E-1,8.938979274E-1
1.699536005E0,1.921567917E-1,-8.090314865E-1,-3.261785507E-1,8.932237266E-1
1.716128291E0,1.470384598E-1,-8.376153708E-1,-2.839040756E-1,8.965608413E-1
1.732721015E0,1.461343765E-1,-7.078566551E-1,-2.628717422E-1,7.691019783E-1
1.749307389E0,1.595058441E-1,-7.592228055E-1,-2.910184860E-1,8.285850239E-1
1.765910814E0,1.534214020E-1,-8.117533922E-1,-2.841138840E-1,8.736145577E-1
1.782492297E0,1.623935699E-1,-7.959989905E-1,-2.975544930E-1,8.651732432E-1
1.799097196E0,1.614227295E-1,-6.661087871E-1,-2.870144844E-1,7.430582266E-1
1.815686409E0,1.836805344E-1,-7.754675150E-1,-2.980151176E-1,8.508239629E-1
1.832286986E0,1.713247299E-1,-7.986797690E-1,-2.933430672E-1,8.679237821E-1
1.848858123E0,1.499547958E-1,-7.309956551E-1,-2.752652168E-1,7.953691144E-1
1.865472188E0,1.437530518E-1,-8.168866038E-1,-2.633781433E-1,8.702509464E-1
1.882064961E0,1.332254410E-1,-6.958644986E-1,-2.512454987E-1,7.517318133E-1
1.898659607E0,1.694412231E-1,-7.906987667E-1,-2.871241570E-1,8.581113851E-1
1.915253194E0,1.439590454E-1,-7.946693897E-1,-2.989225388E-1,8.611494237E-1
1.931846824E0,1.476211548E-1,-7.938917279E-1,-2.779531479E-1,8.539988486E-1
1.948429373E0,1.324176788E-1,-7.507890463E-1,-2.468404770E-1,8.013419088E-1
1.965034242E0,1.551332474E-1,-8.498712182E-1,-2.835803032E-1,9.092662978E-1
1.981631319E0,1.677465439E-1,-7.916139960E-1,-3.062472343E-1,8.652045944E-1
1.998221214E0,1.527194977E-1,-7.717156410E-1,-2.850222588E-1,8.367233495E-1
2.014805311E0,1.649093628E-1,-7.710543871E-1,-3.206920624E-1,8.512128786E-1
2.031408756E0,1.594896317E-1,-7.751052976E-1,-2.708072662E-1,8.363980753E-1
2.048000888E0,1.399211884E-1,-7.361146212E-1,-2.797412872E-1,7.998111416E-1
2.064595880E0,1.636905670E-1,-7.545273304E-1,-3.188834190E-1,8.353398883E-1
2.081185348E0,1.694450378E-1,-6.868252754E-1,-2.962923050E-1,7.669613483E-1
2.097783320E0,1.548910141E-1,-6.286574006E-1,-2.577662468E-1,6.968821935E-1
2.114367711E0,1.453590393E-1,-5.658216476E-1,-2.521004677E-1,6.362688371E-1
2.130970495E0,1.686553955E-1,-5.985736847E-1,-2.904305458E-1,6.863563217E-1
2.147562892E0,1.642045975E-1,-6.456251740E-1,-3.006920815E-1,7.308972178E-1
2.164158005E0,1.741828918E-1,-6.113206744E-1,-3.216786385E-1,7.124112529E-1
2.180750027E0,1.753606796E-1,-6.870298386E-1,-3.333992958E-1,7.835282110E-1
2.197344978E0,1.672945023E-1,-7.053148150E-1,-2.967948914E-1,7.832902695E-1
2.213926978E0,1.866197586E-1,-7.476066351E-1,-3.359355927E-1,8.405922540E-1
2.230532367E0,1.969223022E-1,-8.185074329E-1,-3.277440071E-1,9.034096220E-1
2.247124520E0,1.317300797E-1,-8.183475733E-1,-2.331833839E-1,8.610575214E-1
2.263719745E0,1.658906937E-1,-8.504533172E-1,-2.880997658E-1,9.131221397E-1
2.280312001E0,1.382322311E-1,-7.682665586E-1,-2.756714821E-1,8.278504822E-1
2.296907155E0,1.581277847E-1,-6.430294514E-1,-2.776761055E-1,7.180496440E-1
2.313499033E0,1.643648148E-1,-7.185601592E-1,-2.940673828E-1,7.936120717E-1
2.330093974E0,1.800231934E-1,-7.414261103E-1,-3.596892357E-1,8.435030370E-1
2.346686605E0,1.495742798E-1,-8.169284463E-1,-2.964420319E-1,8.818290253E-1
2.363281444E0,1.954622269E-1,-8.875295520E-1,-3.455252647E-1,9.722663711E-1
2.379873588E0,1.286983490E-1,-8.200685978E-1,-2.421345711E-1,8.646993238E-1
2.396466046E0,1.273860931E-1,-9.050347209E-1,-2.434368134E-1,9.458205669E-1
2.413063846E0,1.208534241E-1,-8.560625911E-1,-2.248415947E-1,8.933098302E-1
2.429656284E0,1.238403320E-1,-7.162686586E-1,-2.392067909E-1,7.652431692E-1
2.446256931E0,1.304492950E-1,-6.148716211E-1,-2.185015678E-1,6.654525259E-1
2.462843205E0,1.745786667E-1,-6.658470035E-1,-3.086171150E-1,7.543702450E-1
2.479435704E0,1.677627563E-1,-7.366811633E-1,-3.182039261E-1,8.198153557E-1
2.496030583E0,1.661729813E-1,-7.218970060E-1,-3.083868027E-1,8.024033693E-1
2.512622687E0,1.492185593E-1,-6.731565595E-1,-2.739181519E-1,7.419144734E-1
2.529217881E0,1.601572037E-1,-6.524620056E-1,-3.050723076E-1,7.378523643E-1
2.545803268E0,1.614465714E-1,-6.760486960E-1,-2.585072517E-1,7.415745640E-1
2.562407976E0,1.427621841E-1,-6.464514732E-1,-2.546105385E-1,7.093004122E-1
2.578997220E0,1.433801651E-1,-6.837468743E-1,-2.462115288E-1,7.407346197E-1
2.595592271E0,1.487493515E-1,-6.445604563E-1,-2.616705894E-1,7.113761654E-1
2.612184813E0,1.637649536E-1,-7.105616927E-1,-3.022084236E-1,7.893331429E-1
2.628779661E0,1.322994232E-1,-6.139913201E-1,-2.520999908E-1,6.767886553E-1
2.645371845E0,1.620941162E-1,-6.657927036E-1,-3.028945923E-1,7.491992797E-1
2.661966888E0,1.822509766E-1,-6.792654395E-1,-3.142938614E-1,7.703230407E-1
2.678559386E0,1.550884247E-1,-5.780646801E-1,-2.782998085E-1,6.600469508E-1
2.695154265E0,1.880273819E-1,-6.436948180E-1,-3.602271080E-1,7.612232816E-1
2.711746277E0,1.550464630E-1,-6.913236380E-1,-2.931985855E-1,7.667680149E-1
2.728341238E0,1.223220825E-1,-5.613279343E-1,-2.070484161E-1,6.106724067E-1
2.744933899E0,1.740264893E-1,-7.039778829E-1,-2.835721970E-1,7.786419392E-1
2.761517884E0,1.695775986E-1,-8.562017083E-1,-3.075861931E-1,9.254443222E-1
2.778120922E0,1.373500824E-1,-7.263174653E-1,-2.615466118E-1,7.840974019E-1
2.794715904E0,1.104469299E-1,-5.534419417E-1,-2.062349319E-1,6.008571830E-1
2.811308647E0,1.439819336E-1,-7.345396280E-1,-2.504663467E-1,7.893115058E-1
2.827903303E0,1.626167297E-1,-7.194731832E-1,-3.177103996E-1,8.031349576E-1
2.844495486E0,1.393260956E-1,-5.897348523E-1,-2.460575104E-1,6.540208371E-1
2.861090458E0,1.626081467E-1,-6.943780780E-1,-2.939138412E-1,7.713544390E-1
2.877683008E0,1.534280777E-1,-6.747029424E-1,-2.505602837E-1,7.358972015E-1
2.894277867E0,1.298694611E-1,-6.406517625E-1,-2.358894348E-1,6.949421437E-1
2.910869990E0,1.527404785E-1,-6.687254906E-1,-2.639112473E-1,7.349643406E-1
2.927464910E0,1.519708633E-1,-6.394516826E-1,-2.626886368E-1,7.078127701E-1
2.944057480E0,1.518239975E-1,-6.006955504E-1,-2.720718384E-1,6.766895564E-1
2.960652553E0,1.514186859E-1,-5.810933113E-1,-2.768292427E-1,6.612348180E-1
2.977244635E0,1.645107269E-1,-6.188912988E-1,-2.885222435E-1,7.023783197E-1
2.993839341E0,1.241168976E-1,-6.136652827E-1,-2.419538498E-1,6.712166185E-1
3.010432055E0,1.508207321E-1,-6.754092574E-1,-2.769069672E-1,7.453871656E-1
3.027027117E0,1.676015854E-1,-7.658285499E-1,-2.925405502E-1,8.367578101E-1
3.043619047E0,1.605205536E-1,-7.844612002E-1,-3.078670502E-1,8.578626600E-1
3.060210641E0,1.113710403E-1,-7.169300318E-1,-2.281661034E-1,7.605602868E-1
3.076810200E0,1.570920944E-1,-7.403160930E-1,-2.740893364E-1,8.049042229E-1
3.093398274E0,1.473283768E-1,-6.488952041E-1,-2.632398605E-1,7.155877728E-1
3.109987223E0,1.618700027E-1,-6.244078875E-1,-2.933492661E-1,7.086190088E-1
3.126589070E0,1.581439972E-1,-5.372388363E-1,-3.053655624E-1,6.378739827E-1
3.143175954E0,1.541910172E-1,-6.520015597E-1,-2.966914177E-1,7.327391767E-1
3.159778647E0,1.781682968E-1,-7.517030835E-1,-3.170275688E-1,8.350496675E-1
3.176366344E0,1.716175079E-1,-6.744366884E-1,-3.164243698E-1,7.644879316E-1
3.192961876E0,1.654376984E-1,-6.450591683E-1,-2.887291908E-1,7.258343532E-1
3.275926019E0,1.315040588E-1,-8.214026690E-1,-2.371177673E-1,8.649973975E-1
3.292529302E0,1.420154572E-1,-8.014841676E-1,-2.531514168E-1,8.524264782E-1
3.309115900E0,1.576690674E-1,-7.768000364E-1,-2.899312973E-1,8.440011781E-1
3.325713557E0,1.498117447E-1,-7.426311970E-1,-2.637734413E-1,8.021976576E-1
3.342302120E0,1.513929367E-1,-7.467280626E-1,-2.802743912E-1,8.118351773E-1
3.358902411E0,1.527681351E-1,-7.172687054E-1,-2.784852982E-1,7.844530324E-1
3.375487249E0,1.542539597E-1,-6.638584733E-1,-2.715001106E-1,7.336311517E-1
3.392091417E0,1.652603149E-1,-7.299909592E-1,-3.174872398E-1,8.130165556E-1
3.408676613E0,1.592254639E-1,-6.718352437E-1,-2.991652489E-1,7.524727166E-1
3.425277036E0,1.672906876E-1,-6.947830915E-1,-3.047676086E-1,7.769124878E-1
3.441866220E0,1.512870789E-1,-7.081546783E-1,-2.718439102E-1,7.734791143E-1
3.458461455E0,1.585960388E-1,-6.545495391E-1,-2.857384682E-1,7.315970714E-1
3.475054137E0,1.464796066E-1,-6.249275804E-1,-2.694387436E-1,6.961235468E-1
3.491638295E0,1.478843689E-1,-6.096395254E-1,-2.623214722E-1,6.799578607E-1
3.508241098E0,1.647291183E-1,-6.135288477E-1,-2.761340141E-1,6.926783692E-1
3.524835632E0,1.435670853E-1,-6.078407764E-1,-2.712659836E-1,6.809310915E-1
3.541430684E0,1.315650940E-1,-6.309752464E-1,-2.513408661E-1,6.918174373E-1
3.558033489E0,1.289997101E-1,-6.875230074E-1,-2.200355530E-1,7.333106132E-1
3.574615561E0,1.302137375E-1,-7.058812380E-1,-2.221422195E-1,7.513794682E-1
3.591199953E0,1.125755310E-1,-6.430042386E-1,-2.055673599E-1,6.843870546E-1
3.607805849E0,1.467361450E-1,-7.522692680E-1,-2.603888512E-1,8.094707541E-1
3.624397077E0,1.486082077E-1,-6.989392042E-1,-2.683501244E-1,7.632903771E-1
3.640989902E0,1.513710022E-1,-5.883277655E-1,-2.735743523E-1,6.662474511E-1
3.657573063E0,1.591119766E-1,-6.019700766E-1,-2.737483978E-1,6.801637887E-1
3.674177412E0,1.391782761E-1,-4.960685968E-1,-2.602715492E-1,5.772312575E-1
3.690762262E0,1.702718735E-1,-5.529268980E-1,-2.891616821E-1,6.467883300E-1
3.707364405E0,1.721763611E-1,-6.814351082E-1,-2.965641022E-1,7.628556696E-1
3.723953008E0,1.589727402E-1,-6.997919083E-1,-2.841930389E-1,7.718463127E-1
3.740551774E0,1.455993652E-1,-7.372263074E-1,-2.667622566E-1,7.974107505E-1
3.757137141E0,1.380233765E-1,-7.315940261E-1,-2.452244759E-1,7.838464869E-1
3.773738959E0,1.306009293E-1,-6.829422712E-1,-2.344818115E-1,7.337904800E-1
3.790335843E0,1.561336517E-1,-7.059953809E-1,-2.707090378E-1,7.720690242E-1
3.806926489E0,1.430568695E-1,-5.807864070E-1,-2.543516159E-1,6.499791250E-1
3.823512387E0,1.437005997E-1,-6.181735992E-1,-2.650799751E-1,6.877905600E-1
3.840113473E0,1.542062759E-1,-6.221790910E-1,-2.619128227E-1,6.924483544E-1
3.856708474E0,1.502799988E-1,-5.735692978E-1,-2.634019852E-1,6.488038403E-1
3.873300972E0,1.231384277E-1,-5.250158906E-1,-2.315759659E-1,5.868834516E-1
3.889892730E0,1.517009735E-1,-6.247704625E-1,-2.652926445E-1,6.955080901E-1
3.906488026E0,1.471242905E-1,-5.714935064E-1,-2.567334175E-1,6.435545295E-1
3.923072906E0,1.369247437E-1,-5.564991236E-1,-2.462124825E-1,6.237469411E-1
3.939675568E0,1.405773163E-1,-5.367677808E-1,-2.444272041E-1,6.063219363E-1
3.956271505E0,1.356468201E-1,-5.504860282E-1,-2.385020256E-1,6.150757216E-1
3.972862449E0,1.492214203E-1,-5.881524086E-1,-2.574133873E-1,6.591296837E-1
3.989457562E0,1.582937241E-1,-6.401469111E-1,-2.847909927E-1,7.182972090E-1
4.006050325E0,1.482648849E-1,-6.347236633E-1,-2.512125969E-1,6.985444680E-1
4.022634402E0,1.247043610E-1,-6.484096646E-1,-2.263865471E-1,6.980237385E-1
4.039237012E0,1.292266846E-1,-7.097911835E-1,-2.366032600E-1,7.592655417E-1
4.055832105E0,1.444959641E-1,-7.280709147E-1,-2.477612495E-1,7.825292182E-1
4.072424656E0,1.410312653E-1,-7.033486962E-1,-2.547950745E-1,7.612553686E-1
4.089020257E0,1.523780823E-1,-7.120154500E-1,-2.721552849E-1,7.773374943E-1
4.105608627E0,1.433658600E-1,-6.730242968E-1,-2.444329262E-1,7.302485394E-1
4.122209325E0,1.157760620E-1,-5.766600966E-1,-2.070822716E-1,6.235575601E-1
4.138799159E0,1.316585541E-1,-5.760788918E-1,-2.335634232E-1,6.354154051E-1
4.155395717E0,1.426086426E-1,-5.420032740E-1,-2.460436821E-1,6.120802786E-1
4.171986202E0,1.389207840E-1,-5.559145212E-1,-2.526659966E-1,6.262428003E-1
4.188581234E0,1.295785904E-1,-5.075295568E-1,-2.339587212E-1,5.736841860E-1
4.205173682E0,1.389245987E-1,-5.070998669E-1,-2.384243011E-1,5.773183407E-1
4.221768633E0,1.341199875E-1,-5.401121974E-1,-2.384486198E-1,6.054478517E-1
4.238360898E0,1.245803833E-1,-4.918716550E-1,-2.289719582E-1,5.566741906E-1
4.254955726E0,1.431789398E-1,-4.628426433E-1,-2.382926941E-1,5.399138165E-1
4.271548298E0,1.277608871E-1,-3.621721268E-1,-2.365827560E-1,4.510686136E-1
4.288143197E0,1.550741196E-1,-4.384634495E-1,-2.783780098E-1,5.420262867E-1
4.304735259E0,1.508169174E-1,-4.286249578E-1,-2.744832039E-1,5.308541478E-1
4.321330465E0,1.516103745E-1,-4.905841351E-1,-2.752051353E-1,5.825773474E-1
4.337922708E0,1.469602585E-1,-5.428221822E-1,-2.659010887E-1,6.220583799E-1
4.354517730E0,1.463155746E-1,-6.523612738E-1,-2.643113136E-1,7.189185972E-1
4.371109966E0,1.224174500E-1,-5.753906965E-1,-2.113862038E-1,6.250956830E-1
4.387704835E0,1.324148178E-1,-6.465792656E-1,-2.354788780E-1,7.007486944E-1
4.404297537E0,1.523227692E-1,-6.937487125E-1,-2.617039680E-1,7.569534127E-1
4.420892133E0,1.719980240E-1,-7.743253708E-1,-2.971291542E-1,8.470235147E-1
4.437484509E0,1.410188675E-1,-7.400678992E-1,-2.518901825E-1,7.943774169E-1
4.454075106E0,1.425437927E-1,-6.866099238E-1,-2.502689362E-1,7.445713268E-1
4.470676120E0,1.631603241E-1,-8.531391025E-1,-2.866458893E-1,9.146767108E-1
4.487266757E0,1.435031891E-1,-7.900230885E-1,-2.544174194E-1,8.422932203E-1
4.503859053E0,1.338796616E-1,-7.507117391E-1,-2.468709946E-1,8.015217819E-1
4.520453832E0,1.234216690E-1,-6.493844986E-1,-2.146110535E-1,6.949755677E-1
4.537046371E0,1.078414917E-1,-3.186149597E-1,-1.919403076E-1,3.872807271E-1
4.553641321E0,1.331071854E-1,-2.702717483E-1,-2.238278389E-1,3.753175218E-1
4.570233445E0,1.620483398E-1,-5.948401093E-1,-2.862691879E-1,6.797385292E-1
4.586828396E0,1.584033966E-1,-7.230526805E-1,-2.796092033E-1,7.912509851E-1
4.603420864E0,1.347379684E-1,-7.221490145E-1,-2.431969643E-1,7.738205752E-1
4.620019233E0,1.378355026E-1,-8.843165636E-1,-2.429118156E-1,9.273729350E-1
4.636604469E0,9.253311157E-2,-7.638292313E-1,-1.644258499E-1,7.867867128E-1
4.653199715E0,8.253765106E-2,-7.532715797E-1,-1.447086334E-1,7.714733471E-1
4.669795459E0,1.046342850E-1,-7.761675119E-1,-2.002677917E-1,8.083882289E-1
4.686390338E0,1.274528503E-1,-7.220410705E-1,-2.272963524E-1,7.676269721E-1
4.702982370E0,1.226444244E-1,-6.970996857E-1,-2.225828171E-1,7.419789330E-1
4.719577382E0,1.369829178E-1,-6.914007664E-1,-2.481389046E-1,7.472431033E-1
4.736170013E0,1.427345276E-1,-7.478106022E-1,-2.683429718E-1,8.072185532E-1
4.752764791E0,1.248912811E-1,-6.320332289E-1,-2.223076820E-1,6.815310264E-1
4.769359396E0,1.247415543E-1,-6.264023781E-1,-2.125868797E-1,6.731519710E-1
4.785949687E0,1.197185516E-1,-5.634396076E-1,-2.218575478E-1,6.172661456E-1
4.802544486E0,1.235923767E-1,-5.627297759E-1,-2.204704285E-1,6.168849861E-1
4.819139640E0,1.174955368E-1,-5.381318331E-1,-2.136511803E-1,5.907942940E-1
4.835731671E0,1.351194382E-1,-5.373458266E-1,-2.400102615E-1,6.038234225E-1
4.852326500E0,1.524200439E-1,-5.653385520E-1,-2.620186806E-1,6.414774642E-1
4.868919162E0,1.332759857E-1,-5.071797371E-1,-2.419896126E-1,5.775402555E-1
4.885514020E0,1.371479034E-1,-5.589898229E-1,-2.511401176E-1,6.279733499E-1
4.902106001E0,1.364603043E-1,-5.677019358E-1,-2.501258850E-1,6.351927746E-1
4.918701166E0,1.212167740E-1,-4.234918058E-1,-2.196888924E-1,4.922418362E-1
4.935293624E0,1.294460297E-1,-5.088812113E-1,-2.361521721E-1,5.757466545E-1
4.951885809E0,1.390323639E-1,-6.466068029E-1,-2.563953400E-1,7.093440112E-1
4.968483089E0,1.134939194E-1,-4.639931917E-1,-1.980414391E-1,5.170986011E-1
4.985072993E0,1.176395416E-1,-4.440320432E-1,-2.267765999E-1,5.122803367E-1
5.001670641E0,1.071319580E-1,-4.671097696E-1,-2.014312744E-1,5.198493547E-1
5.018260332E0,1.294879913E-1,-4.280778766E-1,-2.229094505E-1,4.997063452E-1
5.034857754E0,1.424016953E-1,-6.712067723E-1,-2.593336105E-1,7.335193901E-1
5.051452258E0,1.205463409E-1,-5.697857738E-1,-2.187333107E-1,6.221185655E-1
5.068028572E0,1.408700943E-1,-6.836213470E-1,-2.450313568E-1,7.397451556E-1
5.084626025E0,1.091499329E-1,-5.297729373E-1,-1.949625015E-1,5.749638684E-1
5.101232014E0,8.180236816E-2,-3.952402472E-1,-1.432461739E-1,4.282825549E-1
5.117827280E0,1.045579910E-1,-3.803535700E-1,-1.950206757E-1,4.400389478E-1
5.134414713E0,7.242107391E-2,-8.344954252E-2,-1.352539062E-1,1.746489543E-1
5.151015351E0,8.854389191E-2,4.587042332E-2,-1.674113274E-1,1.948606401E-1
5.167614512E0,1.035547256E-1,-5.394935608E-2,-2.167510986E-1,2.462014480E-1
5.184197927E0,8.979988098E-2,-1.479538083E-1,-2.268695831E-1,2.853491822E-1
5.200782432E0,1.447610855E-1,-2.453669310E-1,-3.017158508E-1,4.149616336E-1
5.217386466E0,1.322536469E-1,-4.801063240E-1,-2.819123268E-1,5.722479091E-1
5.233978792E0,1.195793152E-1,-4.658731222E-1,-2.291750908E-1,5.327834465E-1
5.250571566E0,1.009435654E-1,-5.945498943E-1,-1.839332581E-1,6.304844357E-1
5.267168348E0,1.532945633E-1,-7.952351570E-1,-2.483963966E-1,8.471121224E-1
5.283761223E0,1.445674896E-1,-8.096464872E-1,-2.377085686E-1,8.561148036E-1
5.300342594E0,1.401166916E-1,-7.866916656E-1,-2.356562614E-1,8.330968357E-1
5.316945509E0,1.745634079E-1,-7.168948054E-1,-2.695565224E-1,7.855388368E-1
5.333540165E0,2.260742188E-1,-1.149948478E0,-3.761568069E-1,1.230847268E0
5.350135533E0,1.488437653E-1,-1.033349395E0,-2.680215836E-1,1.077868734E0
5.366727758E0,1.045284271E-1,-9.941194057E-1,-1.954135895E-1,1.018521505E0
5.383322820E0,8.390331268E-2,-7.491668463E-1,-1.484508514E-1,7.683283053E-1
5.399915493E0,4.971313477E-2,-5.908133388E-1,-9.098196030E-2,5.998412408E-1
5.416507422E0,1.707124710E-1,-8.812786341E-1,-2.907552719E-1,9.435748019E-1
5.433104997E0,1.148862839E-1,-7.424150109E-1,-2.250194550E-1,7.842274299E-1
5.449697181E0,1.398429871E-1,-6.516627669E-1,-2.464122772E-1,7.105909043E-1
5.466289812E0,1.358938217E-1,-6.376937032E-1,-2.477297783E-1,6.974886615E-1
5.482884591E0,1.028738022E-1,-6.664811373E-1,-2.096152306E-1,7.062001631E-1
5.499466612E0,1.185369492E-1,-6.327674389E-1,-2.261109352E-1,6.823282165E-1
5.516071847E0,1.199712753E-1,-6.660797596E-1,-2.284493446E-1,7.143139759E-1
5.532654276E0,1.210117340E-1,-5.565185547E-1,-2.057876587E-1,6.055619720E-1
5.549259104E0,6.796360016E-2,-6.528009772E-1,-1.566786766E-1,6.747713498E-1
5.565845723E0,1.004123688E-1,-5.994759798E-1,-1.932678223E-1,6.378138798E-1
5.582446259E0,8.144474030E-2,-5.941821337E-1,-1.888184547E-1,6.287591451E-1
5.599035432E0,9.202098846E-2,-5.884214044E-1,-2.001070976E-1,6.282917013E-1
5.615634420E0,1.252565384E-1,-5.588747263E-1,-2.300410271E-1,6.172106887E-1
5.632231142E0,1.302518845E-1,-5.772694349E-1,-2.304506302E-1,6.350693245E-1
5.648820609E0,1.350011826E-1,-5.147163868E-1,-2.399964333E-1,5.837435791E-1
5.665412021E0,1.023921967E-1,-5.143429637E-1,-2.070031166E-1,5.638112597E-1
5.682008141E0,1.127948761E-1,-5.760176182E-1,-2.179703712E-1,6.261230416E-1
5.698607323E0,1.103181839E-1,-5.514537096E-1,-2.074060440E-1,5.994068423E-1
5.715187900E0,1.268272400E-1,-5.556679964E-1,-2.252931595E-1,6.128695446E-1
5.731784387E0,1.145229340E-1,-5.122695565E-1,-2.094922066E-1,5.651748274E-1
5.748382603E0,1.400136948E-1,-5.503692627E-1,-2.417039871E-1,6.171960608E-1
5.764963933E0,1.135778427E-1,-6.887878180E-1,-2.208833694E-1,7.322008245E-1
5.781570226E0,1.317319870E-1,-6.838259101E-1,-2.260417938E-1,7.321653394E-1
5.798162196E0,1.249170303E-1,-6.362210512E-1,-2.160906792E-1,6.834300784E-1
5.814757269E0,9.991264343E-2,-5.792091489E-1,-1.929259300E-1,6.186163504E-1
5.831338986E0,1.033439636E-1,-5.267996788E-1,-1.984014511E-1,5.723294612E-1
5.847944424E0,1.390104294E-1,-5.509649515E-1,-2.410860062E-1,6.172590539E-1
5.864536741E0,1.177673340E-1,-5.179474950E-1,-2.214026451E-1,5.754631906E-1
5.881131712E0,1.158361435E-1,-4.992337525E-1,-2.354903221E-1,5.640106768E-1
5.897723794E0,1.497182846E-1,-4.088521004E-1,-2.557888031E-1,5.049787288E-1
5.914318886E0,1.220197678E-1,-4.903589487E-1,-2.491593361E-1,5.634013641E-1
5.930900929E0,4.699134827E-2,-7.291020751E-1,-1.414308548E-1,7.441778748E-1
5.947506133E0,8.053302765E-2,-7.039203048E-1,-1.655416489E-1,7.275942561E-1
5.964090535E0,1.052951813E-1,-7.551280856E-1,-2.014689445E-1,7.886033455E-1
5.980693197E0,1.037454605E-1,-6.820479035E-1,-1.920475960E-1,7.161248092E-1
5.997278850E0,1.019868851E-1,-6.712126136E-1,-1.874213219E-1,7.043113298E-1
6.013880789E0,1.097307205E-1,-5.935446024E-1,-2.018098831E-1,6.364457989E-1
6.030473115E0,1.017808914E-1,-6.687932014E-1,-1.805868149E-1,7.001823290E-1
6.047068015E0,9.370803833E-2,-6.722402573E-1,-1.878795624E-1,7.042633669E-1
6.063660392E0,1.115093231E-1,-6.852908134E-1,-2.126178741E-1,7.261295949E-1
6.080255282E0,1.166467667E-1,-6.219875216E-1,-2.160825729E-1,6.687051844E-1
6.096847365E0,1.186170578E-1,-5.730907321E-1,-2.268686295E-1,6.276721825E-1
6.113442711E0,1.356716156E-1,-5.718806386E-1,-2.511057854E-1,6.391465931E-1
6.130034957E0,1.243295670E-1,-5.659778714E-1,-2.173604965E-1,6.188977117E-1
6.146629693E0,9.508037567E-2,-5.743383765E-1,-1.827874184E-1,6.101770963E-1
6.163216730E0,8.745956421E-2,-5.540180206E-1,-1.620039940E-1,5.838068487E-1
6.179819636E0,9.167766571E-2,-5.434396267E-1,-1.585316658E-1,5.734663995E-1
6.196405096E0,9.023475647E-2,-5.185816288E-1,-1.758227348E-1,5.549620267E-1
6.213008724E0,1.207809448E-1,-5.033529401E-1,-2.274999619E-1,5.654276714E-1
6.229596503E0,1.265478134E-1,-4.922673702E-1,-2.434806824E-1,5.635817204E-1
